data,assunto,veiculo,link,eixo_institucional,abrangencia,campus,origem,tipo_mencao
2022-12-31,Prosel EAD Itaberaba,Jornal Folha do Estado,https://www.jornalfolhadoestado.com/educacao/if-baiano-oferta-120-vagas-em-cursos-tecnicos-ead-em-itaberaba,Ensino,Imprensa (Nacional),Itaberaba,curadoria_dicom,correta
2022-12-30,Prosel EAD Itaberaba,Chapada Online,https://jornaldachapada.com.br/2022/12/30/chapada-ifbaiano-em-itaberaba-tem-120-vagas-em-cursos-tecnicos-ead-inscricoes-ate-3-de-fevereiro/,Ensino,Imprensa Local,Itaberaba,curadoria_dicom,correta
2022-12-29,14 anos dos institutos,Bom Jesus da Lapa Notícias,https://www.bomjesusdalapanoticias.com.br/bahia/em-meio-a-desafios-institutos-federais-chegam-aos-14-anos-de-existencia/,Institucional,Imprensa Local,Bom Jesus da Lapa,curadoria_dicom,correta
2022-12-29,Parceria curso EAD,Sul da Bahia News,https://www.sulbahianews.com.br/educacao-de-medeiros-neto-encerra-atividades-apos-primeiro-ano-de-retorno-das-aulas-presenciais/,Ensino,Imprensa Local,Geral / Não Especificado,curadoria_dicom,correta
2022-12-29,Prosel Itaberaba,Valter Vieira,https://www.valtervieira.com.br/noticia/educacao/88585/if-baiano-campus-itaberaba-oferta-120-vagas-em-cursos-tecnicos-ead,Ensino,Imprensa Local,Itaberaba,curadoria_dicom,correta
2022-12-26,Obituário,Sul da Bahia News,https://www.sulbahianews.com.br/retrospectiva-2022-pessoas-especiais-que-nos-deixaram-neste-ano-em-teixeira-de-freitas/,Institucional,Imprensa Local,Geral / Não Especificado,curadoria_dicom,correta
2022-12-24,SNCT,Blog Tempo Presente,https://blogtempopresente.com.br/semana-nacional-de-ciencia-e-tecnologia-movimenta-o-sul-da-bahia/,Institucional,Imprensa Local,Geral / Não Especificado,curadoria_dicom,correta
2022-12-17,Prosel EAD,Agência Sertão,https://agenciasertao.com/2022/12/17/if-baiano-abre-vagas-quase-1-500-vagas-para-cursos-tecnicos-ead-em-varias-cidades/,Ensino,Imprensa Local,Geral / Não Especificado,curadoria_dicom,correta
2022-12-17,Prosel EAD,Sul Bahia News,https://www.sulbahianews.com.br/if-baiano-lanca-editais-com-quase-1-500-vagas-para-cursos-tecnicos-gratuitos-ead-em-teixeira-e-regiao-veja-como-se-inscrever/,Ensino,Imprensa Local,Geral / Não Especificado,curadoria_dicom,correta
2022-12-16,Prosel EAD,G1,https://g1.globo.com/ba/bahia/noticia/2022/12/16/if-baiano-oferece-600-vagas-para-cursos-ead-no-norte-da-bahia-veja-como-participar.ghtml,Ensino,Imprensa (Nacional),Geral / Não Especificado,curadoria_dicom,correta
2022-12-16,IF Baiano oferece 600 vagas para cursos EAD no norte da Bahia; veja como participar,G1,https://news.google.com/rss/articles/CBMi0wFBVV95cUxPWEVZLVdLVWg1a184cnc0WWZaakNwbVEzQ3lWUkJ0aVhxUE9vRWQ0LVoxZE9QR0p5RFIwVk1od0lPdE04a011WmloOS1Idks5VmJodWJFby1NeVVkZWlSdjVCZ2lhdVo4ZWJQZHVtUXJ2dktlaGtrZnFOZHpUWmRZbkhjZWxHTTVoSTVXN2Q4Mk80UjhsUDJ4WllrYTc0eldseWxERUpYcjlQeE9kRWUyWGFtV0dsVHBmY0IyckhtRDBVWTlXUk5DUEF0bURoQWhZSjgw0gHiAUFVX3lxTE53dm93ak1PSkUtd216X3RJNGUxdzdrNzJlemRRYUlrclpLcmlxVTZGTkZpN3B1ZXF6V2syN3dVYUNiWm1SdVdaOEpvQzNwam5aeFlBTHpPVjBpNGFMenlidi0xZjAybldaZ1dhMFFZV0lQWHp2aXZyMnNRVUQxZ2dzNW14V3JIVUdLbm4tamkwSkJFZjVDT08wOXBFRkhsTlFfRmE0eEppLVpIZEFLcWhYSmtaamlXNlVQWGhLdXl5UWtIUWNTLUI3djA1QU5ISWw5ZVVmVWh1aWRzTjVWbmt6M3c?oc=5&hl=en-US&gl=US&ceid=US:en,Gestão e RH,Imprensa (Nacional),Geral / Não Especificado,busca_automatica,correta
2022-12-14,"IF Baiano abre 440 vagas em cursos técnicos EaD nos polos de Caetité, Caculé, Guanambi e Iuiu",Agência Sertão,https://news.google.com/rss/articles/CBMiyAFBVV95cUxOSHJ5S2tNWEl5ZE1IeF9wb3o2Sm4yNUZSUTVxa2xNbWNRYVdfdDJjNXZxNkhYY1JiVnFwUzVpd0tBR1V4QlBUd1JjbExfZzY3bUg2VG5qb1EyWHlVWUtMNWhDUk1jRFNpU2lrajhGQlJCRjF2eWhDRmJPTzgxTXJUdklsRnNYYlg5clUxVWxTaENTMUs0UW1TdHh0T3VFbEJzeEFoRXY5cHNJbWhaOFlZXy15VnYxVHRURHRsVEZpczFvSUhVOGY4dtIByAFBVV95cUxOSHJ5S2tNWEl5ZE1IeF9wb3o2Sm4yNUZSUTVxa2xNbWNRYVdfdDJjNXZxNkhYY1JiVnFwUzVpd0tBR1V4QlBUd1JjbExfZzY3bUg2VG5qb1EyWHlVWUtMNWhDUk1jRFNpU2lrajhGQlJCRjF2eWhDRmJPTzgxTXJUdklsRnNYYlg5clUxVWxTaENTMUs0UW1TdHh0T3VFbEJzeEFoRXY5cHNJbWhaOFlZXy15VnYxVHRURHRsVEZpczFvSUhVOGY4dg?oc=5&hl=en-US&gl=US&ceid=US:en,Gestão e RH,Imprensa Local,Guanambi,busca_automatica,correta
2022-12-11,Evento,Agência Sertão,https://agenciasertao.com/2022/12/11/if-baiano-realizara-evento-sobre-caprinos-e-ovinos-em-guanambi-nesta-terca-feira/,Extensão,Imprensa Local,Geral / Não Especificado,curadoria_dicom,correta
2022-12-10,Evento Prefeitura,alagoinhas.ba.gov.br,https://www.alagoinhas.ba.gov.br/index.php/conscientizacao-educacao-e-gratidao-marcam-a-semana-de-direitos-humanos/,Extensão,Governamental,Alagoinhas,curadoria_dicom,correta
2022-12-08,Cortes,Bahia.BA,https://bahia.ba/bahia/universidades-federais-afirmam-que-nao-tem-recursos-para-pagar-as-contas-em-dezembro/,Institucional,Imprensa Regional (Bahia),Geral / Não Especificado,curadoria_dicom,correta
2022-12-08,Prosel Teixeira,Pimenta Blog,https://pimenta.blog.br/2022/12/08/if-baiano-oferece-105-vagas-em-cursos-tecnicos-no-campus-de-teixeira-de-freitas/,Ensino,Imprensa Local,Geral / Não Especificado,curadoria_dicom,correta
2022-12-03,Vagas EAD,Diga Bahia,https://www.digabahia.com.br/if-baiano-ofertara-3-200-vagas-em-cursos-tecnicos-ead-em-mais-de-30-cidades/,Gestão e RH,Imprensa Local,Geral / Não Especificado,curadoria_dicom,correta
2022-12-01,Sisu,Agência Sertão,https://agenciasertao.com/2022/12/01/if-baiano-vai-ofertar-840-vagas-em-cursos-superiores-pelo-sisu-2023/,Ensino,Imprensa Local,Geral / Não Especificado,curadoria_dicom,correta
2022-12-01,IF Baiano oferta 105 vagas em cursos técnicos integrados ao Ensino Médio no Campus Teixeira de Freitas,SulBahiaNews,https://news.google.com/rss/articles/CBMi0AFBVV95cUxOd0c2OEkxWGU1WVlzTnhHUmJfVUxMSXFFalpvWFA4b0RMZnluTFNqSmhQTG1RSlJjckZZTGJjdjJja2sydVM1TTdJSzFDeE8yN1JsOE0wVTZGU0NJVUo4bjRTMk9qU0U5RDg3cEkyU3FlVnhpVVJHWWgwMENhODZTeWNpODhkYkZqcEJrazJrRC05bm5qZHJHLXZBVUxYX2RQLThQeHYwVGM3dEpsbm5wQ3V6NkFsY1lDV0Nqa0tvWXNTczdjSjFIdDU5bmZEbmR2?oc=5&hl=en-US&gl=US&ceid=US:en,Gestão e RH,Imprensa Local,Teixeira de Freitas,busca_automatica,correta
2022-12-01,Prosel Teixeira,SuldaBahiaNews,https://www.sulbahianews.com.br/if-baiano-oferta-105-vagas-em-cursos-tecnicos-integrados-ao-ensino-medio-no-campus-teixeira-de-freitas/,Ensino,Imprensa Local,Geral / Não Especificado,curadoria_dicom,correta
2022-11-30,Vagas Subsequentes EAD,Agência Sertão,https://agenciasertao.com/2022/11/30/if-baiano-vai-ofertar-mais-de-3-mil-vagas-em-cursos-tecnicos-ead-em-varias-cidades/,Gestão e RH,Imprensa Local,Geral / Não Especificado,curadoria_dicom,correta
2022-11-29,"IF Baiano ofertará 3,2 mil vagas em cursos técnicos EaD, subsequentes ao Ensino Médio em Teixeira de Freitas e região",SulBahiaNews,https://news.google.com/rss/articles/CBMi4gFBVV95cUxPa1BPLXhzeUJEM2g4Tk5Ccmx2cGFoVnhJOEFVXzBYc2hIdk5sRGtXbmY2Mm1EZkQxMnBucURmUlpzQ1o3a1FkVWo4R2ZrQUl4QTZ2R3JQMlB1SWU3a1hqUUh1a1Y5ejBHQkZzZG5Gamt3VWU4MmI0bDdEZ2ZVRmp5ZEV6eWY3Wk5FaFV5MnZkV0RoQWNxV280M0NGN1gtNFl2bnZmQXB1TVRjT3JEODB2bDdYWTV1WGVGVEt4ZlI0TWRxcFZGZmFzZkhjNElrRFZUeHRZSDZfVU1rOTY0eFduQnJ3?oc=5&hl=en-US&gl=US&ceid=US:en,Gestão e RH,Imprensa Local,Teixeira de Freitas,busca_automatica,correta
2022-11-24,IF Baiano oferta 300 vagas em curso de especialização EAD,Agência Sertão,https://news.google.com/rss/articles/CBMimwFBVV95cUxQOGJzZzJNMGhSREFRWUFtSHcySEc3SVdWQWJtcnFDcTRPR1hXRXEwVWpmQUNLT2xLNm5pcEdsa1otZXpfUkozcEtYd3BEMEdxR2FGVkViVTU3MWtyYmN0SlRQUUJhczZzdGhTaE1aN1YxU3lJX3hNTDkyRjBOSXZSa0NndlAtQWh5TGw3ODNEMTFEdnZnVHRiZHB4RdIBmwFBVV95cUxQOGJzZzJNMGhSREFRWUFtSHcySEc3SVdWQWJtcnFDcTRPR1hXRXEwVWpmQUNLT2xLNm5pcEdsa1otZXpfUkozcEtYd3BEMEdxR2FGVkViVTU3MWtyYmN0SlRQUUJhczZzdGhTaE1aN1YxU3lJX3hNTDkyRjBOSXZSa0NndlAtQWh5TGw3ODNEMTFEdnZnVHRiZHB4RQ?oc=5&hl=en-US&gl=US&ceid=US:en,Gestão e RH,Imprensa Local,Geral / Não Especificado,busca_automatica,correta
2022-11-23,Seleção Professor,Agência Sertão,https://agenciasertao.com/2022/11/23/if-baiano-abre-processo-seletivo-para-professor-de-geografia-em-guanambi/,Gestão e RH,Imprensa Local,Geral / Não Especificado,curadoria_dicom,correta
2022-11-23,Vagas Especialização,Sul Bahia,https://www.sulbahianews.com.br/teixeira-if-baiano-oferta-50-vagas-em-especializacao-ead-em-docencia-para-a-ept/,Gestão e RH,Imprensa Local,Geral / Não Especificado,curadoria_dicom,correta
2022-11-22,Como ser aluno do IF BAIANO? Quanto custa?,InfoEducação,https://news.google.com/rss/articles/CBMieEFVX3lxTFBDaTZCdGNDb2dRRlRya0ttRlphOS1mMW94NGdXUDFFUVQ4SzU2a3RJdkpjTTY1MVI3YlBXWlhoSFpsUEU0dVo1V3NmWTY2b0FUY1ktcTFLelhCVkUybk81eVRtSXJ2Y3dEUkc5YkQtVkQ3WG5LWHJYbw?oc=5&hl=en-US&gl=US&ceid=US:en,Ensino,Especializados (Nichos),Geral / Não Especificado,busca_automatica,correta
2022-11-21,Prosel Alagoinhas,seligaalagoinhas.com.br,https://www.seligaalagoinhas.com.br/noticia/31398/if-baiano-oferta-170-vagas-em-alagoinhas-confira,Ensino,Imprensa Local,Alagoinhas,curadoria_dicom,correta
2022-11-18,Evento,Uesb,http://www.uesb.br/noticias/metodos-de-alfabetizacao-sao-tema-de-encontro/,Extensão,Outras Instituições de Ensino,Geral / Não Especificado,curadoria_dicom,correta
2022-11-18,Publicação Boletim técnico,Agência Sertão,https://agenciasertao.com/2022/11/18/if-baiano-participa-de-boletim-tecnico-da-epamig-sobre-cultivo-de-umbuzeiro/,Ensino,Imprensa Local,Geral / Não Especificado,curadoria_dicom,correta
2022-11-18,Parque Marinho,aBlog da Feira,https://blogdafeira.com.br/home/2022/11/18/parque-marinho-na-cidade-baixa-em-salvador-processo-de-criacao-em-andamento/,Institucional,Imprensa Local,Geral / Não Especificado,curadoria_dicom,correta
2022-11-16,Prosel Uruçuca,Correio,https://www.correio24horas.com.br/noticia/nid/campus-do-if-baiano-oferta-265-vagas-para-cursos-tecnicos-gratuitos/,Ensino,Imprensa Regional (Bahia),Uruçuca,curadoria_dicom,correta
2022-11-12,Semana de Biologia Santa Inês,Blog do Valente,https://blogdovalente.com.br/cidades/2022/11/if-baiano-de-santa-ines-realiza-iii-semana-de-biologia/,Institucional,Imprensa Local,Santa Inês,curadoria_dicom,correta
2022-11-11,Prosel Lapa,Bom Jesus da Lapa Notícias,https://www.bomjesusdalapanoticias.com.br/bom-jesus-da-lapa/ifba-abre-processo-seletivo-para-120-vagas-em-cursos-tecnicos-em-bom-jesus-da-lapa/,Ensino,Imprensa Local,Bom Jesus da Lapa,curadoria_dicom,correta
2022-11-09,Palestra Guanambi,Agência Sertão,https://agenciasertao.com/2022/11/09/crq-vai-realizar-palestra-para-profissionais-de-quimica-em-guanambi/,Institucional,Imprensa Local,Guanambi,curadoria_dicom,correta
2022-11-09,Prosel Lapa,Bom Jesus da Lapa Notícias,https://www.bomjesusdalapanoticias.com.br/bom-jesus-da-lapa/campus-ifba-de-bom-jesus-da-lapa-abre-120-vagas-em-processo-seletivo-para-cursos-tecnicos/,Ensino,Imprensa Local,Bom Jesus da Lapa,curadoria_dicom,correta
2022-11-08,Prosel Uruçuca,Pimenta Blog,https://pimenta.blog.br/2022/11/08/if-baiano-oferece-1-700-vagas-em-processo-seletivo-em-urucuca-e-outros-nove-campi/,Ensino,Imprensa Local,Uruçuca,curadoria_dicom,correta
2022-11-04,Curso aperfeiçoamento,Agência Sertão,https://agenciasertao.com/2022/11/04/if-baiano-abre-500-vagas-em-todo-o-pais-para-curso-de-aperfeicoamento/,Ensino,Imprensa Local,Geral / Não Especificado,curadoria_dicom,correta
2022-11-04,Prosel,FDR,https://fdr.com.br/2022/11/04/if-baiano-abre-mais-de-mil-vagas-em-cursos-tecnicos-e-gratuitos/,Ensino,Imprensa Local,Geral / Não Especificado,curadoria_dicom,correta
2022-11-04,"Congresso de Ensino, Pesquisa e Extensão",Conectado News,https://www.conectadonews.com.br/noticia/23852/abertas-as-inscricoes-para-o-congresso-de-pesquisa-ensino-e-extensao-do-if-baiano,Ensino,Imprensa Local,Geral / Não Especificado,curadoria_dicom,correta
2022-11-03,Prosel,SeLigaAlagoinhas,https://www.seligaalagoinhas.com.br/noticia/31036/if-baiano-abre-inscricao-para-cursos-tecnicos-no-campus-catu,Ensino,Imprensa Local,Geral / Não Especificado,curadoria_dicom,correta
2022-11-03,Cursos Fic,SeLigaAlagoinhas,https://www.seligaalagoinhas.com.br/noticia/31037/if-baiano-abre-inscricao-para-cursos-em-alagoinhas,Ensino,Imprensa Local,Geral / Não Especificado,curadoria_dicom,correta
2022-11-02,Prosel,Agência Sertão,https://agenciasertao.com/2022/11/02/if-baiano-oferta-1-290-vagas-de-cursos-tecnicos-em-oito-cidades/,Ensino,Imprensa Local,Geral / Não Especificado,curadoria_dicom,correta
2022-11-02,IF Baiano oferta 1.290 vagas de cursos técnicos em oito cidades,Agência Sertão,https://news.google.com/rss/articles/CBMiowFBVV95cUxOMV9IX3h2UjhEWjlheHFpYjVtTFVzSERBMld3cTRMN2EwYlZ6cnpmVkpyVy13cHNmc3VWSEZxYTJKTWlhQldIZmhHMVZOa09rdHcyUTlsUnRJZlM3cloxUlB4eklfOHNva1F3eU9oU3NFOVA0elRFTFB3Ujk3SlRJeEVzU0V6c2xNUzNpOWp0WFpIREFqM0tmYzNlX095RWNwZDdB0gGjAUFVX3lxTE4xX0hfeHZSOERaOWF4cWliNW1MVXNIREEyV3dxNEw3YTBiVnpyemZWSnJXLXdwc2ZzdVZIRnFhMkpNaWFCV0hmaEcxVk5rT2t0dzJROWxSdElmUzdyWjFSUHh6SV84c29rUXd5T2hTc0U5UDR6VEVMUHdSOTdKVEl4RXNTRXpzbE1TM2k5anRYWkhEQWozS2ZjM2VfT3lFY3BkN0E?oc=5&hl=en-US&gl=US&ceid=US:en,Gestão e RH,Imprensa Local,Geral / Não Especificado,busca_automatica,correta
2022-11-02,Prosel,Tribuna Online,https://www.trbn.com.br/materia/I70615/if-baiano-oferta-1.290-vagas-em-cursos-tecnicos-integrados-ao-ensino-medio,Ensino,Imprensa Local,Geral / Não Especificado,curadoria_dicom,correta
2022-11-01,Prosel,Blog do Gusmão,https://blogdogusmao.com.br/2022/11/01/if-baiano-oferta-1-290-vagas-em-cursos-tecnicos/,Ensino,Imprensa Local,Geral / Não Especificado,curadoria_dicom,correta
2022-11-01,Estudantes do campus de Bom Jesus da Lapa participam dos Jogos Estudantis do IF Baiano,Notícias de Bom Jesus da Lapa,https://news.google.com/rss/articles/CBMi4AFBVV95cUxNS1BVYjVST0xIRVZicTh1TUpIVFpCMC0yYmg3UWJaUTY5VXZtMTVBMGFkOExtbEJDOFdxYnpGdUZ6cnBpNjRUUXI4R0g5VDB2TkE1YW1ROEY5d0Z3TzJHOHQyblZVR3RhaFhBcVkzQWdNcDlRY2FGU0wwcTV6a1hZSnVSejBSQkdWT1B2dHF2TExJc3oxa3RPa3RYZUo5dmppanRZXzBSSUwyWlJseVZ1SXg2dWNrRUJyUC0xdGxFY0JkeXkwZG95X1FmRTJZbHNaWnVzdkpnZUtoekpySEtjWg?oc=5&hl=en-US&gl=US&ceid=US:en,Ensino,Imprensa Local,Bom Jesus da Lapa,busca_automatica,correta
2022-11-01,Jogos,Bom Jesus da Lapa Notícias,https://www.bomjesusdalapanoticias.com.br/bom-jesus-da-lapa/estudantes-do-campus-de-bom-jesus-da-lapa-participam-dos-jogos-estudantis-do-if-baiano/,Institucional,Imprensa Local,Bom Jesus da Lapa,curadoria_dicom,correta
2022-11-01,Prosel,Diga Bahia,https://www.digabahia.com.br/if-baiano-oferta-1-290-vagas-em-cursos-tecnicos-integrados-e-subsequentes-ao-ensino-medio/,Ensino,Imprensa Local,Geral / Não Especificado,curadoria_dicom,correta
2022-10-31,IF Baiano oferta 1.290 vagas em cursos técnicos integrados e subsequentes ao ensino médio,Jornal da Mídia,https://www.jornaldamidia.com.br/2022/11/01/if-baiano-oferta-1-290-vagas-em-cursos-tecnicos-integrados-e-subsequentes-ao-ensino-medio/,Gestão e RH,Imprensa Local,Geral / Não Especificado,curadoria_dicom,correta
2022-10-27,Evento Bom Jesus da Lapa,Bom Jesus da Lapa Notícias,https://www.bomjesusdalapanoticias.com.br/bom-jesus-da-lapa/campus-do-if-baiano-de-bom-jesus-da-lapa-realizacao-o-iii-simposio-de-ensino-pesquisa-e-extensao/,Extensão,Imprensa Local,Bom Jesus da Lapa,curadoria_dicom,correta
2022-10-24,Prosel,Tribuna do Recôncavo,https://tribunadoreconcavo.com/governador-mangabeira-if-baiano-ofertas-280-vagas-em-cursos-tecnicos/,Ensino,Imprensa Local,Geral / Não Especificado,curadoria_dicom,correta
2022-10-23,Vagas Especialização,Portal Universidade,https://www.portaluniversidade.com.br/especializacao/100-vagas-para-especializacao-gratuita-em-5-cursos/,Gestão e RH,Outras Instituições de Ensino,Geral / Não Especificado,curadoria_dicom,correta
2022-10-23,Prosel Catu,seligaalagoinhas.com.br,https://www.seligaalagoinhas.com.br/noticia/30713/qualificacao-if-baiano-abre-inscricao-para-cursos-tecnicos-no-campus-catu,Ensino,Imprensa Local,Alagoinhas,curadoria_dicom,correta
2022-10-21,Bahia / Catu: IF Baiano abre inscrição para cursos técnicos,Tribuna do Recôncavo,https://news.google.com/rss/articles/CBMiigFBVV95cUxQZFlkQ2FXVWpYVGFaYkFmWnpINFVHREJxdDBYaVBJcXFMX3dESjVyT2hBRkhhb0h2UWRkYkdKcW9XaE9uWE42TndGelVqVmFzSnJhUThRWTJ5TFJpMXVSd1FUUy02RTBGZlptNU1icmZQemxIaHpORS10bVkyVjRyazNkbUxLM1AzbHc?oc=5&hl=en-US&gl=US&ceid=US:en,Ensino,Imprensa Local,Catu,busca_automatica,correta
2022-10-21,Prosel Catu,Tribuna do Recôncavo,https://tribunadoreconcavo.com/catu-if-baiano-abre-inscricao-para-cursos-tecnicos/,Ensino,Imprensa Local,Catu,curadoria_dicom,correta
2022-10-17,Seleção de Tutores,Agência Sertão,https://agenciasertao.com/2022/10/17/if-baiano-inscreve-ate-esta-terca-feira-para-selecao-de-tutores-ead-e-pessoal-de-apoio-administrativo-em-guanambi/,Gestão e RH,Imprensa Local,Geral / Não Especificado,curadoria_dicom,correta
2022-10-17,Vagas Especialização,Hora Brasil,https://www.horabrasil.com.br/2022/10/17/inscricoes-abertas-para-especializacao-gratuita-em-metodologia-contemporanea-do-ensino/,Gestão e RH,Imprensa Local,Geral / Não Especificado,curadoria_dicom,correta
2022-10-15,Vagas Especialização,Hora Brasil,https://www.horabrasil.com.br/2022/10/15/pos-graduacao-lato-sensu-em-historia-e-cultura-afro-brasileira-e-indigena/,Gestão e RH,Imprensa Local,Geral / Não Especificado,curadoria_dicom,correta
2022-10-14,Visita técnica Uruçuca,Jornal da Chapada,https://jornaldachapada.com.br/2022/10/14/bahia-ifbaiano-de-urucuca-promove-visita-tecnica-em-ilheus-em-parceria-com-escola-profissional-do-chocolate/,Institucional,Imprensa Local,Uruçuca,curadoria_dicom,correta
2022-10-13,Vagas Especialização,Hora Brasil,https://www.horabrasil.com.br/2022/10/13/if-baiano-recebe-inscricoes-para-dois-cursos-de-especializacao-gratuitos/,Gestão e RH,Imprensa Local,Geral / Não Especificado,curadoria_dicom,correta
2022-10-11,Seleção de Tutores,Agência Sertão,https://agenciasertao.com/2022/10/11/if-baiano-abre-selecao-para-tutores-ead-e-pessoal-de-apoio-administrativo-em-guanambi/,Gestão e RH,Imprensa Local,Geral / Não Especificado,curadoria_dicom,correta
2022-10-07,Prosel,Tribuna do Recôncavo,https://tribunadoreconcavo.com/valenca-if-baiano-oferta-mais-de-100-vagas-em-cursos-tecnicos-integrados/,Ensino,Imprensa Local,Geral / Não Especificado,curadoria_dicom,correta
2022-10-07,Parceiria - capacitação,Sul da Bahia News,https://www.sulbahianews.com.br/medeiros-neto-promove-capacitacao-em-primeiros-socorros-com-profissionais-da-educacao/,Institucional,Imprensa Local,Geral / Não Especificado,curadoria_dicom,correta
2022-10-01,Lançamento de livro de docente,Bahia Social Vip,https://bahiasocialvip.com.br/2022/10/loja-do-artesanato-da-bahia-comemora-dia-da-crianca-com-lancamento-de-livro-e-contacao-de-historia/,Gestão e RH,Imprensa Local,Geral / Não Especificado,curadoria_dicom,correta
2022-09-28,Estudantes do IFBA Uruçuca realizam paralisação nas atividades; Movimento ocorreu em forma de protesto contra irregularidades na instituição,Jornal Grande Bahia,https://news.google.com/rss/articles/CBMijgJBVV95cUxQeEpwa1N4MDV1RF9oQTh4MElWTmNHMzludmcyQ28zdzRuLXFIYmFPTGJyTG1VTjRQT2VYVW95Mi0yTzRhRkJ6UnJ4WGxITHJqNjY0UGdmSFJNVnMzcmNPWi1wbkxFSkpTaGJFcHRENVdBZ0xEWXFnU3VUbXBrRHB5QTlkeEN3MzJwSUJSQkFOTDZfYmtBTktDYWEtNXJ2Zk5HOWV3QTMwaWNQR0wwaTlZSnk2XzhCakNfVWJwa2Y5T2h6eThNcUtzTmdManUtLS16LWZYczdsWXo3RW42SVFyX3lLM1E2UHRvbFcwSm0tQU04ZU9Ca2ZDZWtiazh0UzRuMzRMRTNYRUVrd21oLXc?oc=5&hl=en-US&gl=US&ceid=US:en,Ensino,Imprensa Regional (Bahia),Uruçuca,busca_automatica,ifba_no_lugar_do_ifbaiano
2022-09-27,Jogos Estudantis,Jack Comunioca,https://jackcomunica.com.br/jogos-estudantis-do-if-baiano-transforma-senhor-do-bonfim-em-cidade-olimpica/,Institucional,Imprensa Local,Geral / Não Especificado,curadoria_dicom,correta
2022-09-27,Jogos Estudantis,Bahia Já,"https://www.bahiaja.com.br/esporte/noticia/2022/09/27/jogos-estudantis-do-if-transforma-senhor-do-bonfim-em-cidade-olimpica,141315,0.html",Institucional,Imprensa Regional (Bahia),Geral / Não Especificado,curadoria_dicom,correta
2022-09-27,Jogos Estudantis,Diga Bahia,https://www.digabahia.com.br/jogos-estudantis-do-if-baiano-transforma-senhor-do-bonfim-em-cidade-olimpica/,Institucional,Imprensa Local,Geral / Não Especificado,curadoria_dicom,correta
2022-09-27,Jogos Estudantis,Tribuna Online da Bahia,https://www.trbn.com.br/materia/I68469/senhor-do-bonfim-sedia-jogos-estudantis-,Institucional,Imprensa Local,Geral / Não Especificado,curadoria_dicom,correta
2022-09-20,Vagas Cursos FIC,Xique-xique notícias,https://www.xiquexiquenoticias.com.br/2022/09/if-baiano-de-xique-xique-e-santa-ines.html?m=1,Gestão e RH,Imprensa Local,Xique-Xique,curadoria_dicom,correta
2022-09-19,Vagas especialização,Hora Brasil,https://www.horabrasil.com.br/2022/09/19/if-baiano-abre-vagas-em-especializacao-gratuita-em-linguagens-producao-textual-e-estudos-culturais/,Gestão e RH,Imprensa Local,Geral / Não Especificado,curadoria_dicom,correta
2022-09-14,Vagas pós-graduação,Agência Sertão,https://agenciasertao.com/2022/09/14/if-baiano-abre-160-vagas-em-cursos-de-pos-graduacao-em-guanambi-governador-mangabeira-e-valenca/,Gestão e RH,Imprensa Local,Geral / Não Especificado,curadoria_dicom,correta
2022-09-14,Ação judicial salário servidor,Migalhas,https://www.migalhas.com.br/quentes/373435/juiza-suspende-cobranca-de-vencimentos-de-servidor-apos-licenca,Gestão e RH,Imprensa Local,Geral / Não Especificado,curadoria_dicom,correta
2022-09-02,Curso Fic,Agência Sertão,https://agenciasertao.com/2022/09/02/if-baiano-reabre-inscricoes-para-curso-de-agricultor-organico-em-guanambi/,Ensino,Imprensa Local,Geral / Não Especificado,curadoria_dicom,correta
2022-08-30,Evento neurodiversidade,IFPB,https://www.ifpb.edu.br/noticias/2022/08/evento-do-unifica-de-agosto-traz-o-tema-da-neurodiversidade,Extensão,Outras Instituições de Ensino,Geral / Não Especificado,curadoria_dicom,correta
2022-08-24,Evento,Mudo Geo,https://mundogeo.com/2022/08/24/geobonfim-2022-geotecnologias-para-um-mundo-melhor/,Extensão,Imprensa Local,Geral / Não Especificado,curadoria_dicom,correta
2022-08-24,Reunião com universidades,MEC,https://www.gov.br/mec/pt-br/assuntos/noticias/reuniao-tecnica-promove-dialogo-sobre-educacao-especial,Pesquisa,Governamental,Geral / Não Especificado,curadoria_dicom,correta
2022-08-23,Cursos FIC,Agência Sertão,https://agenciasertao.com/2022/08/23/if-baiano-abre-120-vagas-para-cursos-de-qualificacao-em-guanambi/,Ensino,Imprensa Local,Geral / Não Especificado,curadoria_dicom,correta
2022-08-22,Vagas estágio,seligaalagoinhas.com.br,https://www.seligaalagoinhas.com.br/noticia/29049/if-baiano-abre-vagas-de-estagio-em-alagoinhas-confira,Gestão e RH,Imprensa Local,Alagoinhas,curadoria_dicom,correta
2022-08-18,Reabertura de inscrições,Agência Sertão,https://agenciasertao.com/2022/08/18/if-baiano-reabre-inscricoes-para-cursos-tecnicos-em-guanambi/,Institucional,Imprensa Local,Geral / Não Especificado,curadoria_dicom,correta
2022-08-15,Vagas especialização,Hora Brasil,https://www.horabrasil.com.br/2022/08/15/if-baiano-abre-vagas-em-especializacao-gratuita/,Gestão e RH,Imprensa Local,Geral / Não Especificado,curadoria_dicom,correta
2022-08-13,Vagas,Agência Sertão,https://agenciasertao.com/2022/08/13/if-baiano-abre-vagas-em-curso-de-pos-graduacao-em-guanambi/,Gestão e RH,Imprensa Local,Geral / Não Especificado,curadoria_dicom,correta
2022-08-11,Oferta de vagas,Pimenta Blog,https://pimenta.blog.br/2022/08/11/if-baiano-oferece-193-vagas-em-cursos-tecnicos-em-valenca-e-teixeira-de-freitas/,Gestão e RH,Imprensa Local,Geral / Não Especificado,curadoria_dicom,correta
2022-08-05,Vagas graduação,Agência Sertão,https://agenciasertao.com/2022/08/05/if-baiano-oferta-vagas-em-cursos-superiores-nas-cidades-de-guanambi-e-senhor-do-bonfim/,Gestão e RH,Imprensa Local,Geral / Não Especificado,curadoria_dicom,correta
2022-08-03,Crise Financeira,seligaalagoinhas.com.br,https://www.seligaalagoinhas.com.br/noticia/28451/instituicoes-federais-de-ensino-na-bahia-enfrentam-crise-financeira,Institucional,Imprensa Local,Alagoinhas,curadoria_dicom,correta
2022-07-22,Curso,Bom Jesus da Lapa Notícias,https://www.bomjesusdalapanoticias.com.br/bom-jesus-da-lapa/sindicato-dos-produtores-rurais-de-bom-jesus-da-lapa-realiza-curso-de-doces-geleias-e-compotas/,Ensino,Imprensa Local,Bom Jesus da Lapa,curadoria_dicom,correta
2022-07-19,Vagas Remanescentes,seligaalagoinhas.com.br,https://www.seligaalagoinhas.com.br/noticia/28066/if-baiano-campus-alagoinhas-abre-inscricoes-para-119-vagas-remanescentes-em-cursos-tecnicos,Gestão e RH,Imprensa Local,Alagoinhas,curadoria_dicom,correta
2022-07-17,Prosel Campus Catu,seligaalagoinhas.com.br,https://www.seligaalagoinhas.com.br/noticia/28018/if-baiano-campus-catu-oferta-445-vagas-em-cursos-tecnicos,Ensino,Imprensa Local,Alagoinhas,curadoria_dicom,correta
2022-07-16,Problemas no transporte de alunos,Jornal da Chapada,https://jornaldachapada.com.br/2022/07/16/chapada-secretaria-de-educacao-de-itaberaba-nega-ser-responsavel-por-transporte-do-ifbaiano-e-relata-que-ja-tentou-disponibilizar-motorista-e-combustivel-combustivel-para-instituicao-de-ensino/,Ensino,Imprensa Local,Geral / Não Especificado,curadoria_dicom,correta
2022-07-15,Emenda,Forte na notícia,https://fortenanoticia.com.br/ufrb-participa-de-encontro-das-universidades-e-institutos-baianos-com-a-bancada-federal/,Institucional,Imprensa Local,Geral / Não Especificado,curadoria_dicom,correta
2022-07-15,Treinamento Samu no campus,I Política Blog,https://ipolitica.blog.br/urucuca-samu-realiza-treinamento-de-atendimento-de-urgencia-e-emergencia/,Institucional,Imprensa Local,Geral / Não Especificado,curadoria_dicom,correta
2022-07-14,Problemas no transporte de alunos,G1,https://g1.globo.com/ba/bahia/noticia/2022/07/14/pais-de-estudantes-do-if-baiano-de-itaberaba-denunciam-lotacao-em-onibus-escolar.ghtml,Ensino,Imprensa (Nacional),Geral / Não Especificado,curadoria_dicom,correta
2022-07-14,FOTOS: pais de estudantes do IF Baiano de Itaberaba denunciam lotação em ônibus escolar,G1,https://news.google.com/rss/articles/CBMi0AFBVV95cUxOUHMwY29lbHFwRFp1dklvYlJRSzJDNG9YenVEeGRVUHJTa3Fyb0tfTE1aNkE1OHUxSFl2QVhzdDA2UXBfcUhzRXczY1hiSEJ6N0M0azQ3VjkzMXJMX2hFdjB5LVFSVXFIT2FFNEtfWlRudUdxcXZxdERFTDU5UG1nMFZfLVZYSEpxcFFUN0JLNlJlVlp1S1RIclZUcXQxU1NwNllkcERoVVZnV1ZMTVB6aVh5ZXpka0t1WTFFVDNNcGlzWi1xdE16M1o0MklHQ1pa0gHfAUFVX3lxTE1TOFh0djZMQUpYVkctcVJYdkpxWVpUaWh2Q3BJZWNxUFhLZl9mdDFHTTJkQkJ5b1BBLWRDcXZNWTdMNFRYZkw5eUE0dEhzWVk2bTVQbU1YYk5VTFB5M3lOei1XdXJfamdOOFF5ZnpaZmtwUnh2VHhlQXlDeF8wWUhqU2JDcFJFTDBsWFE0LVUwYVpONVN4c1QxSjhrdVNqS0NRZlU4VV9FNmxWX3lwNmJVa0d4MmFPQTZsRG8wcjNaSERyRXBrRUJpeWptRElMeDRFbXByc2NCa1ZJZng1UEk?oc=5&hl=en-US&gl=US&ceid=US:en,Ensino,Imprensa (Nacional),Itaberaba,busca_automatica,correta
2022-07-12,Emenda,Info Saj,https://infosaj.com.br/universidades-e-institutos-federais-baianos-pedem-emenda-de-r-369-milhoes-para-2023-ufrb-esta-na-lista/,Institucional,Imprensa Local,Geral / Não Especificado,curadoria_dicom,correta
2022-07-12,Evento da prefeitura no campus,alagoinhas.ba.gov.br,https://www.alagoinhas.ba.gov.br/index.php/alagoinhas-ganha-plano-de-integridade-e-planejamento-estrategico-ate-2030/,Extensão,Governamental,Alagoinhas,curadoria_dicom,correta
2022-07-11,Vagas cursos técnicos,Pimenta Blog,https://pimenta.blog.br/2022/07/11/if-baiano-segue-com-inscricoes-para-720-vagas-em-cursos-tecnicos-em-urucuca-e-outros-dois-campi/,Gestão e RH,Imprensa Local,Geral / Não Especificado,curadoria_dicom,correta
2022-07-11,Emenda,UFBA,https://www.ufba.br/ufba_em_pauta/universidades-e-institutos-federais-baianos-propoem-emenda-de-bancada-de-r-369-milhoes,Institucional,Outras Instituições de Ensino,Geral / Não Especificado,curadoria_dicom,correta
2022-07-10,Vagas Ociosas de Graduação,Pimenta Blog,https://pimenta.blog.br/2022/07/10/campus-do-if-baiano-de-urucuca-oferta-84-vagas-ociosas-em-cursos-de-graduacao/,Gestão e RH,Imprensa Local,Geral / Não Especificado,curadoria_dicom,correta
2022-07-06,Resultado Sisu,Portal PNE,https://portalpne.com/sisu-enem/ifbaiano-aprovados-chamada-regular-sisu-2022-2/,Ensino,Imprensa Local,Geral / Não Especificado,curadoria_dicom,correta
2022-07-05,Prosel Guanambi,Agência Sertão,https://agenciasertao.com/2022/07/05/if-baiano-abre-120-vagas-para-cursos-tecnicos-em-guanambi/,Ensino,Imprensa Local,Guanambi,curadoria_dicom,correta
2022-07-05,Suspensão de Aulas Covid,Bom Jesus da Lapa Notícias,https://www.bomjesusdalapanoticias.com.br/bahia/fim-de-recesso-em-meio-a-alta-de-casos-de-covid-na-bahia-faz-escolas-adotarem-mudancas/,Ensino,Imprensa Local,Bom Jesus da Lapa,curadoria_dicom,correta
2022-07-01,Sisu 2022.2,Metro 1,"https://www.metro1.com.br/noticias/educacao/125227,sisu-abre-inscricoes-para-659-mil-vagas-nesta-terca-feira",Ensino,Imprensa Local,Geral / Não Especificado,curadoria_dicom,correta
2022-06-29,Pesquisadores do IF Baiano desenvolvem estudos para aperfeiçoar Escrita de Libras,blog do gusmão,https://news.google.com/rss/articles/CBMivgFBVV95cUxNZG4zRHg3NjdRYVVUUUdqLWNXSjZfSlFyUzlmZ1RFZVpNZXZ3aDVWNlM0ckRTc2JhVFUwVkw5aHpzYk5XaUJfRnJQblViYzZSSUdQVzJtcmpJXzVQQ1dJTlVNUUF0Yzdkb0hwOGpOMGhhai1sbU1XalpIRUhlOTRKS2gwSWxSQlBDVEhTT1NRd2R6QTZGLWdlN0ptZU1vMjFoNlNyakNaM2lkYXdqS3JRWFpVZDFaREM0TlgwVnhR?oc=5&hl=en-US&gl=US&ceid=US:en,Pesquisa,Imprensa Local,Geral / Não Especificado,busca_automatica,correta
2022-06-28,Sisu 2022.2,Ilhéus 24h,https://ilheus24h.com.br/sisu-abre-inscricoes-nesta-terca-feira-para-58-mil-vagas-na-bahia/,Ensino,Imprensa Local,Geral / Não Especificado,curadoria_dicom,correta
2022-06-26,Sisu 2022.2,Portal Nacional da Educação,https://portalpne.com/sisu-enem/ifbaiano-vagas-sisu-2022-2/,Ensino,Especializados (Nichos),Geral / Não Especificado,curadoria_dicom,correta
2022-06-17,Livro - professora Campus Valença,Bahia.Ba,https://bahia.ba/salvador/a-arte-de-maragogipinho-e-homenageada-em-livro/,Gestão e RH,Imprensa Regional (Bahia),Valença,curadoria_dicom,correta
2022-06-17,Sisu 2022.2,Forte na Notícia,https://fortenanoticia.com.br/sisu-oferece-mais-de-5-mil-vagas-de-ensino-superior-na-bahia-para-o-2o-semestre/,Ensino,Imprensa Local,Geral / Não Especificado,curadoria_dicom,correta
2022-06-17,Sisu 2022.2,Correio da Bahia,https://www.correio24horas.com.br/noticia/nid/sisu-oferece-mais-de-5-mil-vagas-de-ensino-superior-na-bahia-para-o-2o-semestre/,Ensino,Imprensa Regional (Bahia),Geral / Não Especificado,curadoria_dicom,correta
2022-06-16,Seleção professor,PCI Concursos,https://www.pciconcursos.com.br/noticias/processo-seletivo-do-if-baiano-com-periodo-de-inscricoes-aberto-tem-retificacao-anunciada,Gestão e RH,Especializados (Nichos),Geral / Não Especificado,curadoria_dicom,correta
2022-06-15,Suspensão BJL Covid,iBahia,https://www.ibahia.com/bahia/if-baiano-de-bom-jesus-da-lapa-suspende-aulas-apos-alunos-testarem-positivo-para-covid-19,Institucional,Imprensa Regional (Bahia),Geral / Não Especificado,curadoria_dicom,correta
2022-06-14,Suspensão BJL Covid,Jornal A Tarde,https://atarde.com.br/portalmunicipios/portalmunicipiosextremooeste/if-baiano-suspende-aulas-apos-alunos-testarem-positivo-para-covid-19-1197959,Institucional,Imprensa Regional (Bahia),Geral / Não Especificado,curadoria_dicom,correta
2022-06-14,Suspensão BJL Covid,G1 Bahia,https://g1.globo.com/ba/bahia/noticia/2022/06/14/aulas-presenciais-sao-suspensas-no-ifba-de-bom-jesus-da-lapa-apos-alunos-e-funcionarios-testarem-positivo-para-a-covid-19.ghtml,Institucional,Imprensa (Nacional),Geral / Não Especificado,curadoria_dicom,correta
2022-06-14,Aulas presenciais são suspensas no IF Baiano de Bom Jesus da Lapa após alunos e funcionários testarem positivo para a Covid-19,G1,https://news.google.com/rss/articles/CBMihwJBVV95cUxOZ3hYeHhvS090R3Y5V3g0b2U0NFRSY0trNHg4NmVqR0JPeW0zQ2QtZ09JRG55M3JXbXVrcDc3TFByNS0zZkJNelJrazkwUVh3UDlxMEdHQXo5SEM4LXRlU0t1VlVwQ0JTbE1YaWs4bzlTMTVZLVpEY1BTOExLSGdyNjhGTUlQUUk3dVB0RlQtRDRsZ2NUZkpTZWhYNFYtRzF1SVdETFZEdkQ2ZGlEYTk4VW5xbGFaSEhxOVFpejJzSXdNLTItZVdqUFNSN0x6OW9jTzk5aEdrcTFUaGUtMGVleHJ6RkRGQlhSbm5yNGh3WXRTSEUzU2psbFZyb0diRkh4VTBnZ1BWSdIBlgJBVV95cUxOYWFaMFNOUDR3NDV0R08zQ0JPalBNa3lKeklpWmVrRzlZSFduemFlX2ZBLV9mQ2xCVU5QQ2tFVmdkbGNzUmVNMTBublNSUDlxVjdlTDlVWk4yQzMwSjhVT2hjRUVjSmdNTXpMRWtoaHNtRkpTUWFfM01iaWNSSExkOG9JbE5fM2RsRUQ2TGg2TERmMTNwWjcwOXhZamFhajZ0eEl0XzNLVnZSeW9zS09ub0RrdjBfVU1JSlQwc3JEV09UX0Q0aUd2UUI0OWlqMWh4eW9nYkZFU3RqV0RCSTR2Qmp1VC0wdm5NNTNHVXZrU2pKb1pnQkNFRFZGZWt5MlBaSEhoVENmd29HTU4zMDBDSWdaZlhLQQ?oc=5&hl=en-US&gl=US&ceid=US:en,Ensino,Imprensa (Nacional),Bom Jesus da Lapa,busca_automatica,correta
2022-06-14,Suspensão BJL Covid,Bom Jesus da Lapa Notícias,https://www.bomjesusdalapanoticias.com.br/bom-jesus-da-lapa/campus-do-if-baiano-de-bom-jesus-da-lapa-suspende-aulas-presenciais-apos-casos-de-covid-19-entre-estudantes/,Institucional,Imprensa Local,Bom Jesus da Lapa,curadoria_dicom,correta
2022-06-14,Certificação Curso MEI,Prefeitura de Camaçari,https://www.camacari.ba.gov.br/alunos-do-curso-de-qualificacao-profissional-para-mei-sao-certificados/,Ensino,Governamental,Geral / Não Especificado,curadoria_dicom,correta
2022-06-09,Protesto de estudantes,Bom Jesus da Lapa Notícias,https://www.bomjesusdalapanoticias.com.br/bom-jesus-da-lapa/estudantes-do-if-baiano-protestam-em-bom-jesus-da-lapa-contra-bloqueios-do-mec/,Ensino,Imprensa Local,Bom Jesus da Lapa,curadoria_dicom,correta
2022-06-09,Workshop - Campus Guanambi,Portal do Agronegócio,https://www.portaldoagronegocio.com.br/pecuaria/saude-animal/noticias/embrioes-bovinos-estrategia-que-potencializa-o-ganho-genetico-em-fazendas-de-todo-o-brasil,Institucional,Especializados (Nichos),Guanambi,curadoria_dicom,correta
2022-06-08,IF Baiano abre seleção para professor substituto em Catu e Guanambi,Agência Sertão,https://news.google.com/rss/articles/CBMiqAFBVV95cUxQV3dGLTFTNklEME5TWkYyaEdhZi1RTWpfa1NzdHlObjE4TWZLcThRNWxyVExDM2o0UGdhMnQ2WG5SQmlhemlqWFUtRlJCRjZta1c4YzNwV0tkMGZuRmhVTGVaM1hjWnNWMG9yNW1LUEVEQ1VXUkpXN3NZSFBnTjdncmRBZVZIdnIwUEkzcGN5N1N5SVJMYzdGZ3BwNGU3a2M1Snd5SHAzNVbSAagBQVVfeXFMUFd3Ri0xUzZJRDBOU1pGMmhHYWYtUU1qX2tTc3R5Tm4xOE1mS3E4UTVsclRMQzNqNFBnYTJ0NlhuUkJpYXppalhVLUZSQkY2bWtXOGMzcFdLZDBmbkZoVUxlWjNYY1pzVjBvcjVtS1BFRENVV1JKVzdzWUhQZ043Z3JkQWVWSHZyMFBJM3BjeTdTeUlSTGM3RmdwcDRlN2tjNUp3eUhwMzVW?oc=5&hl=en-US&gl=US&ceid=US:en,Gestão e RH,Imprensa Local,Catu,busca_automatica,correta
2022-06-08,Dia do meio ambiente,Bahia Extremo Sul,https://www.bahiaextremosul.com.br/teixeira-de-freitas-realizou-a-2-ecotrilha-em-comemoracao-ao-mes-do-meio-ambiente,Institucional,Imprensa Local,Geral / Não Especificado,curadoria_dicom,correta
2022-06-08,Trilha Ecológica,Prefeitura de Teixeira de Freitas,https://www.teixeiradefreitas.ba.gov.br/mes-do-meio-ambiente-2a-ecotrilha-de-teixeira-de-freitas-ocorreu-nesta-segunda-06/,Institucional,Governamental,Teixeira de Freitas,curadoria_dicom,correta
2022-06-07,Chamada Pública,Agência Sertão,https://agenci\asertao.com/2022/06/07/if-baiano-abre-chamada-publica-para-aquisicao-de-generos-da-agricultura-familiar-em-guanambi/,Institucional,Imprensa Local,Geral / Não Especificado,curadoria_dicom,correta
2022-06-07,Letramento em Libras,Conif,https://portal.redefederal.org.br/noticias/noticias/geral/servidores-do-if-baiano-pesquisam-sobre-letramento-em-libras,Institucional,Governamental,Geral / Não Especificado,curadoria_dicom,correta
2022-06-05,Bahia Farm,Agência Sertão,https://agenciasertao.com/2022/06/05/estudantes-do-if-baiano-de-guanambi-visitaram-a-bahia-farm-show-em-luis-eduardo-magalhaes/,Institucional,Imprensa Local,Geral / Não Especificado,curadoria_dicom,correta
2022-06-05,Suspensão de Aulas Covid,Correio 24h,https://www.correio24horas.com.br/noticia/nid/fim-de-recesso-em-meio-a-alta-de-casos-de-covid-faz-escolas-adotarem-mudancas/,Ensino,Imprensa Regional (Bahia),Geral / Não Especificado,curadoria_dicom,correta
2022-06-04,Seleção de professores,PCI Concursos,https://www.pciconcursos.com.br/noticias/if-baiano-divulga-novo-processo-seletivo-para-professores-substitutos,Gestão e RH,Especializados (Nichos),Geral / Não Especificado,curadoria_dicom,correta
2022-06-03,Workshop,Agência Sertão,https://agenciasertao.com/2022/06/03/i-workshop-sobre-inseminacao-artificial-e-transferencia-de-embrioes-sera-realizado-no-dia-10-de-junho-em-guanambi/,Institucional,Imprensa Local,Geral / Não Especificado,curadoria_dicom,correta
2022-06-02,Estágio,Agência Sertão,https://agenciasertao.com/2022/06/02/if-baiano-abre-selecao-de-estagio-para-estudantes-de-educacao-fisica-em-guanambi/,Institucional,Imprensa Local,Geral / Não Especificado,curadoria_dicom,correta
2022-06-01,Vagas Superior,Agência Sertão,https://agenciasertao.com/2022/06/01/if-baiano-abre-vagas-em-cinco-cursos-superiores-em-guanambi-usando-nota-do-enem/,Gestão e RH,Imprensa Local,Geral / Não Especificado,curadoria_dicom,correta
2022-05-30,Cicatribio,Diga Bahia,https://www.digabahia.com.br/projeto-de-pesquisa-que-criou-gel-cicatrizante-para-ferimentos-concorre-a-premio-internacional/,Institucional,Imprensa Local,Geral / Não Especificado,curadoria_dicom,correta
2022-05-27,Cicatribio,O Sollo,https://osollo.com.br/projeto-de-pesquisa-do-if-baiano-concorre-a-premio-internacional/,Institucional,Imprensa Local,Geral / Não Especificado,curadoria_dicom,correta
2022-05-26,Pronatec,Revista Metropolitana,https://revistametropolitana.com.br/noticia/21201/sedes-abre-processo-seletivo-para-qualificacao-profissional-para-mei,Institucional,Imprensa Local,Geral / Não Especificado,curadoria_dicom,correta
2022-05-25,Pronatec,Destque 1,https://destaque1.com/sedes-abre-processo-seletivo-com-300-vagas-em-curso-de-qualificacao-profissional-para-mei/,Institucional,Imprensa Local,Geral / Não Especificado,curadoria_dicom,correta
2022-05-25,Pronatec,Empregos na Bahia,https://empregosnabahia.com.br/ifba-oferece-1440-vagas-para-curso-gratuito-com-bolsa-de-r-70000/,Institucional,Imprensa Local,Geral / Não Especificado,curadoria_dicom,correta
2022-05-25,Pronatec,Prefeitura de Camaçari,https://www.camacari.ba.gov.br/sedes-abre-processo-seletivo-para-qualificacao-profissional-para-mei-2/,Institucional,Governamental,Geral / Não Especificado,curadoria_dicom,correta
2022-05-25,Prosel,seligaalagoinhas.com.br,https://www.seligaalagoinhas.com.br/noticia/26402/if-baiano-campus-alagoinhas-abre-inscricoes-para-cursos-integrados-e-subsequentes,Ensino,Imprensa Local,Alagoinhas,curadoria_dicom,correta
2022-05-24,Pronatec,NewsInFoco,https://newsinfoco.com.br/inicio/2022/05/24/if-baiano-abre-vagas-para-curso-de-mei-gratuito-em-salvador-alagoinhas-e-camacari/,Institucional,Imprensa Local,Geral / Não Especificado,curadoria_dicom,correta
2022-05-22,Teixeira: Mulher morre em acidente em frente ao IFBaiano,SulBahiaNews,https://news.google.com/rss/articles/CBMikgFBVV95cUxPalJoTXZTcEp1bmJjMEF3YzNWSzZ6N3FBd3hMN1hkSDk4Ym15QUY2Zk5WUTRoY0VYRm5INVkwSGVpMldJSHJ5RHpLVGZ6aXdhcFk1Nm00Mnlmb2lseVBDRjQ1aWc0NmZtd2ExOW8yOGVKc3FKMWduZ1JYZEd1RUxpZkhYVTZoOVl3RmkzMXZyXzd2Zw?oc=5&hl=en-US&gl=US&ceid=US:en,Institucional,Imprensa Local,Geral / Não Especificado,busca_automatica,correta
2022-05-22,Acidente de trânsito em Texeira,SulBahiaNews,https://www.sulbahianews.com.br/teixeira-mulher-morre-em-acidente-em-frente-ao-ifbaiano/,Institucional,Imprensa Local,Geral / Não Especificado,curadoria_dicom,correta
2022-05-21,Mulher morre em acidente entre carro e moto na BR 101 em frente ao IF Baiano em Teixeira,liberdadenews.com.br,https://news.google.com/rss/articles/CBMiywFBVV95cUxPeVJfUmdpQk5WMHZYaW9KOFFkeFUzNV91ZTFVLWFXdU5QVzhGWDljV3lTMXh6dmRnZTZ0bWZrUEs2eGFid2hGUVpiZkJhdW9rMFFJazBla3VqVHhNWTNQbkhCN2tOVUEwWkZWbW5kcUFxX0NRV0hPUHdlUmtZUmZFLUE1LVVlREhKaDhXTVM5YlRkNFdKU0twTFBpQjNMUHF4OUNiYk5oa0JTOWxPRk5kdktPYlRrMWsyWGQybHdfMnNwZFpvRS1ickVDQQ?oc=5&hl=en-US&gl=US&ceid=US:en,Institucional,Imprensa Local,Teixeira de Freitas,busca_automatica,correta
2022-05-15,Feira Agroecológica em Guanambi,Agência Sertão,https://agenciasertao.com/2022/05/15/if-baiano-realizara-feira-agroecologica-no-proximo-sabado-em-guanambi/,Extensão,Imprensa Local,Guanambi,curadoria_dicom,correta
2022-05-13,Professora lança livro infantil,Acorda Cidade,https://www.acordacidade.com.br/noticias/258492/professora-baiana-iona-scarante-lanca-livro-em-homenagem-a-arte-de-maragogipinho.html,Gestão e RH,Imprensa Regional (Bahia),Geral / Não Especificado,curadoria_dicom,correta
2022-05-12,Especialização Educação Científica (Catu),Estadão,"https://educacao.estadao.com.br/noticias/geral,especializacao-em-educacao-e-opcao-de-ciencia-que-gera-ciencia,70004063064",Ensino,Imprensa (Nacional),Catu,curadoria_dicom,correta
2022-05-12,Especialização Educação Científica (Catu),Terra,"https://www.terra.com.br/noticias/educacao/especializacao-em-educacao-e-opcao-de-ciencia-que-gera-ciencia,7b845eb2b4028a38d570c46c97943c84ycieh54n.html",Ensino,Imprensa (Nacional),Catu,curadoria_dicom,correta
2022-05-11,Seleção professor substituto,PCI Concursos,https://www.pciconcursos.com.br/noticias/if-baiano-realiza-processo-seletivo-para-professor-substituto,Gestão e RH,Especializados (Nichos),Geral / Não Especificado,curadoria_dicom,correta
2022-05-11,Prosel Teixeira de Freitas,Sul Bahia News,https://www.sulbahianews.com.br/if-baiano-oferta-105-vagas-para-cursos-subsequentes-em-teixeira/,Ensino,Imprensa Local,Teixeira de Freitas,curadoria_dicom,correta
2022-05-10,Evento em Guanambi,Agência Sertão,https://agenciasertao.com/2022/05/10/abertura-da-1a-feira-de-negocios-de-guanambi-atraiu-grande-publico-a-praca-do-feijao/,Extensão,Imprensa Local,Guanambi,curadoria_dicom,correta
2022-05-10,Acidente próximo ao IF Baiano,ireporter.blog,https://ireporter.blog/carro-invade-if-baiano-durante-acidente-em-itapetinga/,Institucional,Imprensa Local,Geral / Não Especificado,curadoria_dicom,correta
2022-05-10,Prosel 2022,Pimenta Blog,https://pimenta.blog.br/2022/05/10/if-baiano-abre-vagas-para-cursos-tecnicos-gratuitos-no-campus-de-valenca/,Ensino,Imprensa Local,Geral / Não Especificado,curadoria_dicom,correta
2022-05-08,Cursos FIC,PEBSP.com,https://www.pebsp.com/6-cursos-de-qualificacao-do-ifbaiano-com-inscricoes-abertas/,Ensino,Imprensa Local,Geral / Não Especificado,curadoria_dicom,correta
2022-05-07,Cursos FIC,Central Notícia,http://centralnoticia.com.br/noticia/em-xique-xique-if-baiano-abre-inscricoes-para-cursos-de-qualificacao-profissional-na-modalidade-ead/12960,Ensino,Imprensa Local,Geral / Não Especificado,curadoria_dicom,correta
2022-05-05,Cursos FIC,Página Revista,http://www.paginarevista.com.br/noticia/if-baiano-campus-xique-xique-oferece-cursos-gratuitos-de-qualificacao-profissional/5964,Ensino,Imprensa Local,Geral / Não Especificado,curadoria_dicom,correta
2022-05-05,Transporte IF Baiano,Voz da Bahia,https://vozdabahia.com.br/cruz-das-almas-prefeitura-abre-selecao-de-103-vagas-remanescentes-do-transporte-intermunicipal-gratuito-para-o-if-baiano-e-ufrb/,Institucional,Imprensa Local,Geral / Não Especificado,curadoria_dicom,correta
2022-05-05,Transporte IF Baiano,Forte na notícia,https://www.fortenanoticia.com.br/prefeitura-de-cruz-das-almas-abre-selecao-de-103-vagas-remanescentes-do-transporte-gratuito-para-o-if-baiano-e-ufrb/,Institucional,Imprensa Local,Geral / Não Especificado,curadoria_dicom,correta
2022-05-03,Especialização,Info Educação,https://infoeducacao.com.br/if-baiano-abre-vagas-em-pos-graduacao-lato-sensu-gratuita-em-leitura-e-producao-textual/,Ensino,Especializados (Nichos),Geral / Não Especificado,curadoria_dicom,correta
2022-05-03,Especialização gratuita do IF Baiano recebe inscrições,InfoEducação,https://news.google.com/rss/articles/CBMiiwFBVV95cUxPRGRpTjgzbzJiZW5TclVXenBIYlRXSXBPRFJnMTZOTUhIVFJqQzlCUlNuOE1rS3lKZk0yQXVBaG1fRGdqdGhndWhHRlZVNnMxaDhWNDZKT0xYMjFDSk90ekFxYS03UWc1Vm4zaEtpMk9HQXY3UWxTUG9ZY3pfcVhreXJWWm9FaXpHU2FB?oc=5&hl=en-US&gl=US&ceid=US:en,Ensino,Especializados (Nichos),Geral / Não Especificado,busca_automatica,correta
2022-05-03,Instituto Federal Baiano abre 30 vagas em especialização gratuita para professores,Hora Brasil,https://news.google.com/rss/articles/CBMiwgFBVV95cUxQU3VMWjlrNDZNRWZDeWNieG15SWdKYkRia2lOYWlvajExbmZaa2Z3VXIxUFY3SmN3S0NFMnZiU1FJcUtVZmZBM3R5NW5GZXAtQllsSEtqTTVKZmJOZEdWQTRtR19Lb0tsdzY4Y3RKX29zNnFxdjhHNU0yR0ZGMzEwYldLUGpHRnNIOG9VVXNiRDVydFFzcU5RdjRlbDFVQ3htSURtX29HRU95bVNBZzYwaHdZdE9hMXRYR1Y1OWpmbVB6QQ?oc=5&hl=en-US&gl=US&ceid=US:en,Gestão e RH,Imprensa Local,Geral / Não Especificado,busca_automatica,correta
2022-05-03,Vagas Especialização Valença,Hora Brasil,https://www.horabrasil.com.br/2022/05/03/leitura-e-producao-textual-especializacao/,Gestão e RH,Imprensa Local,Valença,curadoria_dicom,correta
2022-04-28,Vagas Especialização em 5 campi,seligaalagoinhas.com.br,https://www.seligaalagoinhas.com.br/noticia/25754/alagoinhas-if-baiano-oferta-155-vagas-em-cursos-de-especializacao,Gestão e RH,Imprensa Local,Alagoinhas,curadoria_dicom,correta
2022-04-19,IF Baiano em Alagoinhas abre vagas em especialização gratuita,Hora Brasil,https://news.google.com/rss/articles/CBMipgFBVV95cUxQcGNnREU1ZGNWbnZHRnBFbFZ5M1RPcjF3TS1RR0o2SVdTeHZNakgta19ZMmR1NjA2QmZkVms4N0FRaGlmckRiS3V1TmJUWWU4TU9wSUhFbmpVYThTWVhwVUtsX1V3alV6bjVBNmxwT3NqdXRiellheVphUE1NQlpQZTExVUNYX1JpMGxGZUlRdlg5M09vY2RjMXIydVo4RWJMMnRTUWhR?oc=5&hl=en-US&gl=US&ceid=US:en,Gestão e RH,Imprensa Local,Alagoinhas,busca_automatica,correta
2022-04-19,Vagas EspecializaçãoAlagoinhas,Hora Brasil,https://www.horabrasil.com.br/2022/04/19/if-baiano-em-alagoinhas-abre-vagas-em-especializacao-gratuita/,Gestão e RH,Imprensa Local,Geral / Não Especificado,curadoria_dicom,correta
2022-04-18,Prefeitura vai oferecer transporte intermunicipal gratuito para alunos do IF Baiano e da UFRB,Prefeitura de Cruz das Almas,https://news.google.com/rss/articles/CBMi2AFBVV95cUxOcU9EMjNodDVodHoyaTF2ZnVIOHRmUWNBVVc4M0R2c0NKSHJsbVpnU1dTX0hZUkRrbFFJV05NZ0JKZzRoa0R4bE9UVFB5ZFEtWnZEaENLZHhLTEk0TVA3ekYxcHNoa2dHT0tlWlJ6RFNfQ1hkVzlpZG5rUzN1Tk5aQUw2eERxWUJZTVZOZmJCUHdTMV9hZXhuYU05M2NrOHhZb041V3MxZFFnM2VWUzRkbWIyNmZVeU8zalR2V1ZZUXNsUmNBV092aGVrTDBYUXFWVVlWMjBveWc?oc=5&hl=en-US&gl=US&ceid=US:en,Ensino,Governamental,Geral / Não Especificado,busca_automatica,correta
2022-04-13,Vagas Pós Uruçuca,Infoeducação,https://infoeducacao.com.br/if-baiano-abre-inscricoes-para-esepcializacao-gratuita-sobre-cacau-e-chocolate/,Gestão e RH,Especializados (Nichos),Uruçuca,curadoria_dicom,correta
2022-04-13,IF Baiano abre inscrições para esepcialização gratuita sobre cacau e chocolate,InfoEducação,https://news.google.com/rss/articles/CBMiqwFBVV95cUxNaFp2MlpLZGdRWnJlUHpaZEg3empQcWItd2ZUZ2xVOHF4MFZ3SHRKeW5Gd0NwTi1HUC1ldjZ4V1lBU3dSbDRTaWFkSXBwdHhpMHlLcHViVmRYMjZNTG9zTWx1QzZmenhTLVdjZElGLTk1MDJKeW5zcmp4cXo1R094R2tkWWRueFNYM2x5QTQ2R1dodm9faXJ2WWNpRmJYdnE3YnRtalNTQ1NBN2c?oc=5&hl=en-US&gl=US&ceid=US:en,Institucional,Especializados (Nichos),Geral / Não Especificado,busca_automatica,correta
2022-04-13,Vagas Pós Uruçuca,Hora Brasil,https://www.horabrasil.com.br/2022/04/13/especializacao-gratuita-do-if-baiano-abre-vagas-para-graduados-em-qualquer-area/,Gestão e RH,Imprensa Local,Uruçuca,curadoria_dicom,correta
2022-04-07,Primeiras análises do solo são entregues pela Prefeitura de Alagoinhas ao IF Baiano de Catu,Prefeitura de Alagoinhas,https://news.google.com/rss/articles/CBMi0AFBVV95cUxPRERZRmpUTFBuZllILVZRQnI0Z1gxRlBhSUZ1cVB6UFh3UWlTRDhLLUFRLU4tVlpza1FtQk9OZHMtaGs5anJVUmQ0eEdrZVVKTVBNVHJRNUczYm91SERVdzNDeUdfOXJmWmZWVHQ4aEwyOHAycWRRZE8xYW51WXM5VlZ3ZzB3ejdFTFhlZW1VMjJKRkE3Ui0xNU9iZDAzY0tNZEp5M2xEYzhOdXB4V1lyU2c3bjRWVFJ2VkprTXlfOXQ3U21xM2dJUHRZd2s3SmFf?oc=5&hl=en-US&gl=US&ceid=US:en,Institucional,Governamental,Alagoinhas,busca_automatica,correta
2022-04-07,IF BAIANO OFERECE 650 DE CURSO TÉCNICO GRATUITO EM 3 CIDADES -,- Bahia Economica,https://news.google.com/rss/articles/CBMiqAFBVV95cUxPUEtvc2l0YWZMWVQ0d0xuUTN0bE05bk9Fc0NreGRmclNCYVV5REpKeV9ELW81LWZzcTFqZU5BV1U0M1FNdFA5eXRld0tkQ3JOVGkxR3lRek5SY2JjaGNaeGNhRURuZ1JPQm9DSFZPU3JueVhia3lfZVp2R2g0V3NVWHI0cV96bDBwTkxOSW13Vjg3UDA2bVRDbTRZN2VSUnBlSFhLX2p5b0Q?oc=5&hl=en-US&gl=US&ceid=US:en,Ensino,Imprensa Local,Geral / Não Especificado,busca_automatica,correta
2022-04-07,Qualifica Mais,seligaalagoinhas.com.br,https://www.seligaalagoinhas.com.br/noticia/25240/aulas-inaugurais-acontecem-nas-cidades-de-salvador-camacari-e-alagoinhas,Institucional,Imprensa Local,Alagoinhas,curadoria_dicom,correta
2022-04-06,Prosel 2022,Agência Sertão,https://agenciasertao.com/2022/04/06/if-baiano-abre-650-vagas-para-cursos-tecnicos-em-guanambi-santa-ines-e-teixeira-de-freitas/,Ensino,Imprensa Local,Geral / Não Especificado,curadoria_dicom,correta
2022-04-06,Prosel 2022,ibahia,https://www.ibahia.com/empregos-e-concursos/detalhe/noticia/if-baiano-oferece-650-vagas-de-curso-tecnico-em-guanambi-teixeira-de-freitas-e-santa-ines/,Ensino,Imprensa Regional (Bahia),Geral / Não Especificado,curadoria_dicom,correta
2022-04-05,Prosel 2022,Pimenta Blog,https://pimenta.blog.br/2022/04/05/if-baiano-oferece-240-vagas-em-cursos-tecnicos-no-campus-de-teixeira-de-freitas/,Ensino,Imprensa Local,Geral / Não Especificado,curadoria_dicom,correta
2022-04-03,Vagas Especialização Serrinha,Hora Brasil,https://www.horabrasil.com.br/2022/05/03/instituto-federal-baiano-abre-30-vagas-em-especializacao-gratuita-para-professores/,Gestão e RH,Imprensa Local,Serrinha,curadoria_dicom,correta
2022-03-31,VI Seapo,Farol da Cidade,https://faroldacidade.com.br/noticias/abrir/IF-Baiano-abre-inscricoes-para-o-VI-Seminario-de-Agroecologia-e-Producao-Organica-em-Guanambi/4174/,Institucional,Imprensa Local,Geral / Não Especificado,curadoria_dicom,correta
2022-03-30,IF Baiano divulga edital de 240 vagas de cursos técnicos em Teixeira,SulBahiaNews,https://news.google.com/rss/articles/CBMiowFBVV95cUxOX0lGdVRBcGhzazN1bGQtQ1FiVlRFdFB2S21Bd2tpTi1KNGJENkx6bzhQUEJhbVZiU1JfZ0NTenNUalZhUC1MTUNkTWJ3QVZzSnN2QkVYdzRELS1HX3h0MjdZNFVhb1BOQTBvRzVzQzdwaUphZ3ZjWkRkZ1J0VHotYlVVMFdlUzdYdElYUTAyNENodUtJT3pBaUl5R3VOVmhCQ0w4?oc=5&hl=en-US&gl=US&ceid=US:en,Gestão e RH,Imprensa Local,Geral / Não Especificado,busca_automatica,correta
2022-03-23,Biofábrica de mudas,guanambi.ba.gov.br,http://www.guanambi.ba.gov.br/noticias/biofabrica_de_guanambi_comeca_produzir_mudas_experimentais_depois_de_9_anos_de_inaugurada-23944,Institucional,Governamental,Guanambi,curadoria_dicom,correta
2022-03-17,Seleção Professor Substituto,PCI Concursos,https://www.pciconcursos.com.br/noticias/if-baiano-promove-um-novo-processo-seletivo-no-campus-urucuca,Gestão e RH,Especializados (Nichos),Geral / Não Especificado,curadoria_dicom,correta
2022-03-17,Mulheres na Ciência,Tribuna Popular GBI,https://www.tribunapopulargbi.com.br/noticia/4734/mulheres-sao-maioria-nos-cursos-de-pos-graduacao-do-instituto-federal-baiano-campus-urucuca,Pesquisa,Imprensa Local,Geral / Não Especificado,curadoria_dicom,correta
2022-03-14,Parceria com Empresas Juniores,Agência Sertão,https://agenciasertao.com/2022/03/14/parceria-entre-empresas-juniores-do-if-baiano-e-cesol-beneficia-empreendimentos-na-regiao-de-guanambi/,Institucional,Imprensa Local,Geral / Não Especificado,curadoria_dicom,correta
2022-03-14,Retorno presencial em Uruçuca,Giro em Ipiau,https://giroemipiau1.com.br/2022/03/14/urucuca-alunos-do-if-baiano-comecam-cursos-presenciais-de-pos-graduacoes/,Institucional,Imprensa Local,Uruçuca,curadoria_dicom,correta
2022-03-14,Retorno presencial em Uruçuca,O Sollo,https://osollo.com.br/alunos-de-pos-graduacao-do-if-baiano-urucuca-voltam-as-aulas-de-forma-presencial/,Institucional,Imprensa Local,Uruçuca,curadoria_dicom,correta
2022-03-14,Retorno presencial em Uruçuca,Sul Bahia 1,https://www.sulbahia1.com.br/noticia/15623/alunos-do-if-baiano-campus-urucuca-comecam-cursos-de-pos-graduacoes-com-muito-entusiasmo,Institucional,Imprensa Local,Uruçuca,curadoria_dicom,correta
2022-03-13,Retorno presencial em Uruçuca,Itamaraju Notícias,https://www.itamarajunoticias.com.br/noticia/alunos-do-if-baiano-campus-urucuca-comecam-curso-de-pos-graduacoes-com-muito-entusiasmo/,Institucional,Imprensa Local,Uruçuca,curadoria_dicom,correta
2022-03-05,Prosel 2022,G1,https://g1.globo.com/ba/bahia/blogdoemprego/noticia/2022/03/05/if-baiano-oferece-vagas-para-cursos-tecnicos-em-tres-unidades-do-estado-saiba-como-fazer-inscricao.ghtml,Ensino,Imprensa (Nacional),Geral / Não Especificado,curadoria_dicom,correta
2022-03-03,Prosel 2022,Blog do Gusmão,https://blogdogusmao.com.br/2022/03/03/if-baiano-tem-415-vagas-abertas-para-cursos-tecnicos-em-tres-unidades/,Ensino,Imprensa Local,Geral / Não Especificado,curadoria_dicom,correta
2022-03-03,Prosel 2022,Pimenta Blog,https://pimenta.blog.br/2022/03/03/if-baiano-oferece-415-vagas-para-cursos-tecnicos-em-tres-cidades/,Ensino,Imprensa Local,Geral / Não Especificado,curadoria_dicom,correta
2022-03-03,Prosel 2022,Bom Jesus da Lapa Notícias,https://www.bomjesusdalapanoticias.com.br/bom-jesus-da-lapa/aulas-presenciais-serao-retomadas-no-if-baiano-no-dia-7-de-marco/,Ensino,Imprensa Local,Bom Jesus da Lapa,curadoria_dicom,correta
2022-03-03,Prosel 2022,iBahia,https://www.ibahia.com/empregos-e-concursos/detalhe/noticia/if-baiano-tem-mais-de-400-vagas-para-cursos-tecnicos-confira-as-opcoes/,Ensino,Imprensa Regional (Bahia),Geral / Não Especificado,curadoria_dicom,correta
2022-03-02,Games digitais,Revista Pesquisa FAPESP,https://revistapesquisa.fapesp.br/games-digitais-na-sala-de-aula/,Institucional,Imprensa Local,Geral / Não Especificado,curadoria_dicom,correta
2022-02-22,Parceria Campus Guanambi,UPB,http://www.upb.org.br/noticias/prefeitura-busca-parceria-com-o-if-baiano-para-potencializar-a-geracao-de-emprego-e-renda-no-campo,Institucional,Imprensa Local,Guanambi,curadoria_dicom,correta
2022-02-22,Prosel 2022,Reclame Boca,https://reclameboca.com.br/noticias/if-baiano-abre-inscricoes-para-155-vagas-de-cursos-tecnicos-no-campus-urucuca-no-sul-da-bahia/,Ensino,Imprensa Local,Geral / Não Especificado,curadoria_dicom,correta
2022-02-21,Prosel 2022,Ilhéus 24h,https://ilheus24h.com.br/if-baiano-abre-inscricoes-para-155-vagas-de-cursos-tecnicos-no-campus-urucuca/,Ensino,Imprensa Local,Geral / Não Especificado,curadoria_dicom,correta
2022-02-18,Sisu,Amargosa News,https://amargosanews.com.br/2022/02/18/hoje-e-o-ultimo-dia-para-inscricoes-no-sisu/,Ensino,Imprensa Local,Geral / Não Especificado,curadoria_dicom,correta
2022-02-17,Curso Qualifica Mais Empreendedor,Folha Dirigida,https://folhadirigida.com.br/empregos/noticias/noticias-empregos/if-baiano-abre-vagas-para-curso-com-bolsa-de-ate-r850,Ensino,Imprensa (Nacional),Geral / Não Especificado,curadoria_dicom,correta
2022-02-17,Sisu 2022,Estratégia Vestibulares,https://vestibulares.estrategia.com/portal/enem/sisu-2022-universidades-nao-cobram-nota-minima-para-inscricao/,Ensino,Especializados (Nichos),Geral / Não Especificado,curadoria_dicom,correta
2022-02-16,Curso Qualifica Mais Empreendedor,Agencia Sertão,https://agenciasertao.com/2022/02/16/bolsa-de-ate-r-850-voltado-a-beneficiarios-do-auxilio-brasil/,Ensino,Imprensa Local,Geral / Não Especificado,curadoria_dicom,correta
2022-02-16,Curso Qualifica Mais Empreendedor,Empregos na Bahia,https://empregosnabahia.com.br/if-baiano-abre-vagas-para-curso-voltado-a-beneficiarios-do-auxilio-brasil/,Ensino,Imprensa Local,Geral / Não Especificado,curadoria_dicom,correta
2022-02-16,Curso Qualifica Mais Empreendedor,Farol da cidade,https://faroldacidade.com.br/noticias/abrir/IF-Baiano-abre-vagas-para-curso-com-bolsa-de-ate-R$-850-voltado-a-beneficiarios-do-Auxilio-Brasilabrir/4021/,Ensino,Imprensa Local,Geral / Não Especificado,curadoria_dicom,correta
2022-02-16,Curso Qualifica Mais Empreendedor,Bocão News,https://www.bnews.com.br/noticias/educacao/if-baiano-abre-vaga-para-curso-gratuito-aos-beneficiarios-do-auxilio-brasil.html,Ensino,Imprensa Local,Geral / Não Especificado,curadoria_dicom,correta
2022-02-16,Curso Qualifica Mais Empreendedor,Diga Bahia,https://www.digabahia.com.br/if-baiano-abre-vagas-para-curso-voltado-a-beneficiarios-do-auxilio-brasil/,Ensino,Imprensa Local,Geral / Não Especificado,curadoria_dicom,correta
2022-02-16,Curso Qualifica Mais Empreendedor,Educa Mais Brasil,https://www.educamaisbrasil.com.br/educacao/noticias/if-baiano-abre-inscricoes-para-capacitacao-gratuita-com-bolsa-auxilio,Ensino,Imprensa Local,Geral / Não Especificado,curadoria_dicom,correta
2022-02-16,Curso Qualifica Mais Empreendedor,Estado da Bahia,https://www.estadodabahia.com.br/noticia/17683/if-baiano-abre-vaga-para-curso-gratuito-aos-beneficiarios-do-auxilio-brasil,Ensino,Imprensa Local,Geral / Não Especificado,curadoria_dicom,correta
2022-02-15,Curso Qualifica Mais Empreendedor,Ache Concursos,https://www.acheconcursos.com.br/emprego-estagio/if-baiano-abre-700-vagas-para-cursos-aos-beneficiarios-do-auxilio-brasil-52154,Ensino,Especializados (Nichos),Geral / Não Especificado,curadoria_dicom,correta
2022-02-15,Curso Qualifica Mais Empreendedor,Correio,https://www.correio24horas.com.br/noticia/nid/if-baiano-abre-vagas-para-curso-voltado-a-beneficiarios-do-auxilio-brasil/,Ensino,Imprensa Regional (Bahia),Geral / Não Especificado,curadoria_dicom,correta
2022-02-15,Sisu,Correio,https://www.correio24horas.com.br/noticia/nid/sisu-abre-inscricoes-nesta-terca-feira-15-bahia-tem-mais-de-18-mil-vagas/,Ensino,Imprensa Regional (Bahia),Geral / Não Especificado,curadoria_dicom,correta
2022-02-15,Curso Qualifica Mais Empreendedor,seligaalagoinhas.com.br,https://www.seligaalagoinhas.com.br/noticia/24118/if-baiano-abre-vagas-para-curso-voltado-a-beneficiarios-do-auxilio-brasil,Ensino,Imprensa Local,Alagoinhas,curadoria_dicom,correta
2022-02-14,Curso Qualifica Mais Progredir,Nossa Metropole,https://nossametropole.com.br/2022/02/14/processo-seletivo-para-qualificacao-profissional-para-mei-e-aberto-em-camacari-veja-como-participar/,Ensino,Imprensa Local,Geral / Não Especificado,curadoria_dicom,correta
2022-02-14,Curso Qualifica Mais Empreendedor,seligaalagoinhas.com.br,https://www.seligaalagoinhas.com.br/noticia/24095/if-baiano-abre-200-vagas-em-curso-fic-em-alagoinhas,Ensino,Imprensa Local,Alagoinhas,curadoria_dicom,correta
2022-02-14,Curso Qualifica Mais Empreendedor,Sua cidade em revista,https://www.suacidadeemrevista.com.br/if-baiano-abre-200-vagas-em-curso-fic-em-alagoinhas/,Ensino,Imprensa Local,Geral / Não Especificado,curadoria_dicom,correta
2022-02-13,Qualifica Mais,Brasil Agora,https://brasilagora.org/2022/02/16/if-baiano-abre-700-vagas-para-beneficiarios-da-auxilio-brasil/,Institucional,Imprensa Local,Geral / Não Especificado,curadoria_dicom,correta
2022-02-11,Sisu,Blog do Thame,http://www.blogdothame.blog.br/v1/2022/02/11/sisu-2022-if-baiano-oferta-860-vagas-para-22-cursos-de-graduacao/,Ensino,Imprensa Local,Geral / Não Especificado,curadoria_dicom,correta
2022-02-11,Sisu 2022,Catu Notícias,https://catunoticias.com.br/sisu-2022-if-baiano-oferta-860-vagas-para-22-cursos-de-graduacao/,Ensino,Imprensa Local,Catu,curadoria_dicom,correta
2022-02-11,Curso Qualifica Mais Empreendedor,Prefeitura de Camaçari,https://www.camacari.ba.gov.br/sedes-abre-processo-seletivo-para-qualificacao-profissional-para-mei/,Ensino,Governamental,Geral / Não Especificado,curadoria_dicom,correta
2022-02-10,Sisu,Boa Informação,https://boainformacao.com.br/2022/02/if-baiano-oferta-860-vagas-em-22-cursos-de-graduacao-no-sisu-2022/,Ensino,Imprensa Local,Geral / Não Especificado,curadoria_dicom,correta
2022-02-10,Sisu,falaalagoinhasnews.com.br,https://www.falaalagoinhasnews.com.br/2022/02/sisu-2022-if-baiano-oferta-860-vagas.html,Ensino,Imprensa Local,Alagoinhas,curadoria_dicom,correta
2022-02-10,Sisu,iBahia,https://www.ibahia.com/empregos-e-concursos/detalhe/noticia/if-baiano-oferta-860-vagas-em-22-cursos-de-graduacao-no-sisu-2022/,Ensino,Imprensa Regional (Bahia),Geral / Não Especificado,curadoria_dicom,correta
2022-02-09,Retorno presencial,Diga Bahia,https://www.digabahia.com.br/if-baiano-define-datas-e-medidas-para-o-retorno-presencial/,Institucional,Imprensa Local,Geral / Não Especificado,curadoria_dicom,correta
2022-02-08,Retorno presencial,Blog Marcos Frahn,http://blogmarcosfrahm.com/aulas-presenciais-no-instituto-federal-baiano-if-baiano-serao-retomadas-no-dia-7-de-marco/,Institucional,Imprensa Local,Geral / Não Especificado,curadoria_dicom,correta
2022-02-08,Retorno presencial,Blog do Thame,http://www.blogdothame.blog.br/v1/2022/02/08/if-baiano-define-datas-e-medidas-para-o-retorno-das-atividades-presenciais/,Institucional,Imprensa Local,Geral / Não Especificado,curadoria_dicom,correta
2022-02-08,Mestrado em Guanambi,Agência Sertão,https://agenciasertao.com/2022/02/08/if-baiano-prorroga-inscricoes-para-mestrado-profissional-em-guanambi/,Institucional,Imprensa Local,Guanambi,curadoria_dicom,correta
2022-02-08,Retorno presencial,A Tarde,https://atarde.com.br/bahia/bahiasalvador/if-baiano-retoma-aulas-presenciais-em-marco-1186543,Institucional,Imprensa Regional (Bahia),Geral / Não Especificado,curadoria_dicom,correta
2022-02-08,Retorno presencial,Ivan Silva Notícias,https://ivansilvanoticia.com.br/if-baiano-retoma-aulas-presenciais-em-7-de-marco/,Institucional,Imprensa Local,Geral / Não Especificado,curadoria_dicom,correta
2022-02-08,Retorno presencial,Midia Bahia,https://midiabahia.com.br/if-baiano-retoma-aulas-presenciais-em-7-de-marco/,Institucional,Imprensa Local,Geral / Não Especificado,curadoria_dicom,correta
2022-02-08,Retorno presencial,Voz da Bahia,https://vozdabahia.com.br/if-baiano-retoma-aulas-presenciais-em-7-de-marco/,Institucional,Imprensa Local,Geral / Não Especificado,curadoria_dicom,correta
2022-02-08,Retorno presencial,Alta Pressão Online,https://www.apo.com.br/noticias/educacao/if-baiano-retoma-aulas-presenciais-em-7-de-marco/,Institucional,Imprensa Local,Geral / Não Especificado,curadoria_dicom,correta
2022-02-08,Retorno presencial,Diamantina FM,https://www.diamantinafm.com.br/noticia/414102/if-baiano-retoma-aulas-presenciais-em-7-de-marco,Institucional,Imprensa Local,Geral / Não Especificado,curadoria_dicom,correta
2022-02-08,Retorno presencial,Metro1,"https://www.metro1.com.br/noticias/educacao/118853,if-baiano-retoma-aulas-presenciais-em-7-de-marco",Institucional,Imprensa Local,Geral / Não Especificado,curadoria_dicom,correta
2022-02-08,Retorno presencial,O Tabuleiro,https://www.otabuleiro.com.br/blog/if-baiano-define-datas-e-medidas-para-retorno-das-atividades-presenciais,Institucional,Imprensa Local,Geral / Não Especificado,curadoria_dicom,correta
2022-02-08,Retorno presencial,seligaalagoinhas.com.br,https://www.seligaalagoinhas.com.br/noticia/23975/alagoinhas-if-baiano-define-datas-e-medidas-para-o-retorno-das-atividades-presenciais,Institucional,Imprensa Local,Alagoinhas,curadoria_dicom,correta
2022-02-06,Sisu,Pimenta Blog,https://pimenta.blog.br/2022/02/06/if-baiano-oferta-860-vagas-pelo-sisu-sao-110-oportunidades-em-urucuca/,Ensino,Imprensa Local,Geral / Não Especificado,curadoria_dicom,correta
2022-02-04,Passaporte vacinal,Agência Sertão,https://agenciasertao.com/2022/02/04/if-baiano-vai-exigir-passaporte-vacinal-para-acesso-as-unidades-em-todo-estado/,Institucional,Imprensa Local,Geral / Não Especificado,curadoria_dicom,correta
2022-02-01,Sisu,CN1,"https://www.cn1.com.br/noticias/13/93996,bahia-tera-mais-de-15-mil-vagas-no-sisu.html",Ensino,Imprensa Local,Geral / Não Especificado,curadoria_dicom,correta
2022-02-01,Sisu,Correio,https://www.correio24horas.com.br/noticia/nid/bahia-tera-mais-de-15-mil-vagas-no-sisu/,Ensino,Imprensa Regional (Bahia),Geral / Não Especificado,curadoria_dicom,correta
2022-02-01,Prosel 2022,Qualifica Bahia,https://www.qualificabahia.com.br/2022/02/if-baiano-abre-inscricoes-para-155-vagas-de-cursos-tecnicos.html,Ensino,Imprensa Local,Geral / Não Especificado,curadoria_dicom,correta
2022-01-27,Mestrado Guanambi,Agência Sertão,https://agenciasertao.com/2022/01/27/if-baiano-inscreve-ate-domingo-para-mestrado-profissional-em-guanambi/amp/?utm_source=dlvr.it&utm_medium=facebook&utm_campaign=if-baiano-inscreve-ate-domingo-para-mestrado-profissional-em-guanambi,Institucional,Imprensa Local,Guanambi,curadoria_dicom,correta
2022-01-27,Sisu,agenciasertao.com,https://agenciasertao.com/2022/01/27/vagas-bahia-sisu/amp/,Ensino,Imprensa Local,Geral / Não Especificado,curadoria_dicom,correta
2022-01-27,Prosel 2022 - Campus Uruçuca,Pimenta Blog,https://pimenta.blog.br/2022/01/27/urucuca-if-baiano-abre-inscricoes-para-cursos-tecnicos/,Ensino,Imprensa Local,Uruçuca,curadoria_dicom,correta
2022-01-26,Prosel 2022 - Campus Itaberaba,Boa Informação,https://boainformacao.com.br/2022/01/if-baiano-lanca-editais-com-200-vagas-para-itaberaba-e-regiao/,Ensino,Imprensa Local,Itaberaba,curadoria_dicom,correta
2022-01-26,Prosel 2022 - Campus Itaberaba,Ibahia.com,https://www.ibahia.com/detalhe/noticia/if-baiano-lanca-editais-com-200-vagas-para-itaberaba-e-regiao/,Ensino,Imprensa Regional (Bahia),Itaberaba,curadoria_dicom,correta
2022-01-21,Prosel 2022 - Campus Uruçuca,Ilheus 24h,https://ilheus24h.com.br/if-baiano-campus-urucuca-oferta-110-vagas-em-cursos-da-educacao-basica-tecnica-de-nivel-medio/,Ensino,Imprensa Local,Uruçuca,curadoria_dicom,correta
2022-01-19,Aprovação estudantes,Agmar Rios Notícias,https://www.agmarrios.com.br/2022/01/prefeitura-de-mairi-parabeniza-alunas.html,Ensino,Imprensa Local,Geral / Não Especificado,curadoria_dicom,correta
2022-01-02,Chuvas - Ação social,infosaj,https://infosaj.com.br/exercito-usa-if-baiano-de-santa-ines-como-base-de-apoio-as-vitimas-das-cidades-atingidas-pela-chuva-militares-tambem-atua-na-distribuicao-de-alimentos/,Institucional,Imprensa Local,Geral / Não Especificado,curadoria_dicom,correta
2022-01-01,Prosel 2022 - Campus Uruçuca,nachapaquente.com.br,http://www.nachapaquente.com.br/2022/01/if-baiano-abre-inscricao-para-cursos.html,Ensino,Imprensa Local,Uruçuca,curadoria_dicom,correta
2022-01-01,Projeto finalista Campus Itaberaba,Chapada Notícias,https://chapadanoticias.com.br/cidades/finalista-em-premio-projeto-do-campus-itaberaba-ajudou-a-revitalizar-negocios-na-pandemia/,Extensão,Imprensa Local,Itaberaba,curadoria_dicom,correta
2022-01-01,Prosel 2022 - Itaberaba,Chapada Notícias,https://chapadanoticias.com.br/educacao/if-baiano-lanca-editais-com-200-vagas-para-itaberaba-e-regiao/,Ensino,Imprensa Local,Itaberaba,curadoria_dicom,correta
2022-01-01,Prosel 2022,Empregos na Bahia,https://empregosnabahia.com.br/if-baiano-oferece-650-vagas-de-curso-tecnico-gratuito/,Ensino,Imprensa Local,Geral / Não Especificado,curadoria_dicom,correta
2022-01-01,Prosel 2022,Mais Bahia,https://maisbahia.com/if-baiano-abre-240-vagas-para-cursos-tecnicos-gratuitos-em-teixeira/,Ensino,Imprensa Local,Geral / Não Especificado,curadoria_dicom,correta
2022-01-01,Qualifica Mais,Recruta Talentos,https://recrutalentos.com.br/programa-qualifica-mais-progredir-if-baiano-inscricoes-abertas/,Institucional,Imprensa Local,Geral / Não Especificado,curadoria_dicom,correta
2022-01-01,Curso Qualifica Mais Progredir,Revista Metropolitana,https://revistametropolitana.com.br/noticia/16921/sedes-abre-processo-seletivo-para-qualificacao-profissional-para-mei,Ensino,Imprensa Local,Geral / Não Especificado,curadoria_dicom,correta
2022-01-01,Curso Qualifica Mais Empreendedor,SC Notícias,https://scnoticiasba.com.br/noticia/5682/if-baiano-abre-vaga-para-curso-gratuito-aos-beneficiarios-do-auxilio-brasil,Ensino,Imprensa Local,Geral / Não Especificado,curadoria_dicom,correta
2022-01-01,Chuvas - Ação social,Bahia Notícias,https://www.bahianoticias.com.br/municipios/noticia/28365-santa-ines-if-baiano-vira-base-do-exercito-em-apoio-as-cidades-afetas-por-chuvas.html,Institucional,Imprensa Regional (Bahia),Geral / Não Especificado,curadoria_dicom,correta
2022-01-01,Curso Ead,PEBSP,https://www.pebsp.com/ifbaiano-abre-inscricoes-para-curso-de-aperfeicoamento-ead-em-autismo-para-professores/,Ensino,Imprensa Local,Geral / Não Especificado,curadoria_dicom,correta
2022-01-01,Mestrado,portaluniversidade.com.br,https://www.portaluniversidade.com.br/mestrado/if-baiano-recebe-inscricoes-para-mestrado-profissional-em-guanambi-ate-o-dia-30/,Institucional,Outras Instituições de Ensino,Geral / Não Especificado,curadoria_dicom,correta
2022-01-01,Qualifica Mais,Tia Candia,https://www.tiacandia.com.br/if-baiano-abre-vagas-para-curso-voltado-a-beneficiarios-do-auxilio-brasil/,Institucional,Imprensa Local,Geral / Não Especificado,curadoria_dicom,correta
